[
    {
        "name": "Afghanistan",
        "dial_code":  "+93",
        "iso": "AF",
        "flag": "https://cdn.kcak11.com/CountryFlags/countries/af.svg",
        "mask": "##-###-####"
    },
    {
        "name": "Aland Islands",
        "dial_code":  "+358",
        "iso": "AX",
        "flag": "https://cdn.kcak11.com/CountryFlags/countries/ax.svg",
        "mask": "(###)###-##-##"
    },
    {
        "name": "Albania",
        "dial_code":  "+355",
        "iso": "AL",
        "flag": "https://cdn.kcak11.com/CountryFlags/countries/al.svg",
        "mask": "(###)###-###"
    },
    {
        "name": "Algeria",
        "dial_code":  "+213",
        "iso": "DZ",
        "flag": "https://cdn.kcak11.com/CountryFlags/countries/dz.svg",
        "mask": "##-###-####"
    },
    {
        "name": "American Samoa",
        "dial_code":  "+1",
        "iso": "AS",
        "flag": "https://cdn.kcak11.com/CountryFlags/countries/as.svg",
        "mask": "(684)###-####"
    },
    {
        "name": "Andorra",
        "dial_code":  "+376",
        "iso": "AD",
        "flag": "https://cdn.kcak11.com/CountryFlags/countries/ad.svg",
        "mask": "###-###"
    },
    {
        "name": "Angola",
        "dial_code":  "+244",
        "iso": "AO",
        "flag": "https://cdn.kcak11.com/CountryFlags/countries/ao.svg",
        "mask": "(###)###-###"
    },
    {
        "name": "Anguilla",
        "dial_code":  "+1",
        "iso": "AI",
        "flag": "https://cdn.kcak11.com/CountryFlags/countries/ai.svg",
        "mask": "(264)###-####"
    },
    {
        "name": "Antarctica",
        "dial_code":  "+672",
        "iso": "AQ",
        "flag": "https://cdn.kcak11.com/CountryFlags/countries/aq.svg",
        "mask": "1##-###"
    },
    {
        "name": "Antigua and Barbuda",
        "dial_code":  "+1",
        "iso": "AG",
        "flag": "https://cdn.kcak11.com/CountryFlags/countries/ag.svg",
        "mask": "(268)###-####"
    },
    {
        "name": "Argentina",
        "dial_code":  "+54",
        "iso": "AR",
        "flag": "https://cdn.kcak11.com/CountryFlags/countries/ar.svg",
        "mask": "(###)###-####"
    },
    {
        "name": "Armenia",
        "dial_code":  "+374",
        "iso": "AM",
        "flag": "https://cdn.kcak11.com/CountryFlags/countries/am.svg",
        "mask": "##-###-###"
    },
    {
        "name": "Aruba",
        "dial_code":  "+297",
        "iso": "AW",
        "flag": "https://cdn.kcak11.com/CountryFlags/countries/aw.svg",
        "mask": "###-####"
    },
    {
        "name": "Ascension Island",
        "dial_code":  "+247",
        "iso": "AC",
        "flag": "https://cdn.kcak11.com/CountryFlags/countries/sh.svg",
        "mask": "####"
    },
    {
        "name": "Australia",
        "dial_code":  "+61",
        "iso": "AU",
        "flag": "https://cdn.kcak11.com/CountryFlags/countries/au.svg",
        "mask": "#-####-####"
    },
    {
        "name": "Austria",
        "dial_code":  "+43",
        "iso": "AT",
        "flag": "https://cdn.kcak11.com/CountryFlags/countries/at.svg",
        "mask": "(###)###-####"
    },
    {
        "name": "Azerbaijan",
        "dial_code":  "+994",
        "iso": "AZ",
        "flag": "https://cdn.kcak11.com/CountryFlags/countries/az.svg",
        "mask": "##-###-##-##"
    },
    {
        "name": "Bahamas",
        "dial_code":  "+1",
        "iso": "BS",
        "flag": "https://cdn.kcak11.com/CountryFlags/countries/bs.svg",
        "mask": "(242)###-####"
    },
    {
        "name": "Bahrain",
        "dial_code":  "+973",
        "iso": "BH",
        "flag": "https://cdn.kcak11.com/CountryFlags/countries/bh.svg",
        "mask": "####-####"
    },
    {
        "name": "Bangladesh",
        "dial_code":  "+880",
        "iso": "BD",
        "flag": "https://cdn.kcak11.com/CountryFlags/countries/bd.svg",
        "mask": "1###-######"
    },
    {
        "name": "Barbados",
        "dial_code":  "+1",
        "iso": "BB",
        "flag": "https://cdn.kcak11.com/CountryFlags/countries/bb.svg",
        "mask": "(246)###-####"
    },
    {
        "name": "Belarus",
        "dial_code":  "+375",
        "iso": "BY",
        "flag": "https://cdn.kcak11.com/CountryFlags/countries/by.svg",
        "mask": "(##)###-##-##"
    },
    {
        "name": "Belgium",
        "dial_code":  "+32",
        "iso": "BE",
        "flag": "https://cdn.kcak11.com/CountryFlags/countries/be.svg",
        "mask": "(###)###-###"
    },
    {
        "name": "Belize",
        "dial_code":  "+501",
        "iso": "BZ",
        "flag": "https://cdn.kcak11.com/CountryFlags/countries/bz.svg",
        "mask": "###-####"
    },
    {
        "name": "Benin",
        "dial_code":  "+229",
        "iso": "BJ",
        "flag": "https://cdn.kcak11.com/CountryFlags/countries/bj.svg",
        "mask": "##-##-####"
    },
    {
        "name": "Bermuda",
        "dial_code":  "+1",
        "iso": "BM",
        "flag": "https://cdn.kcak11.com/CountryFlags/countries/bm.svg",
        "mask": "(441)###-####"
    },
    {
        "name": "Bhutan",
        "dial_code":  "+975",
        "iso": "BT",
        "flag": "https://cdn.kcak11.com/CountryFlags/countries/bt.svg",
        "mask": [
            "17-###-###",
            "77-###-###",
            "#-###-###"
        ]
    },
    {
        "name": "Bolivia",
        "dial_code":  "+591",
        "iso": "BO",
        "flag": "https://cdn.kcak11.com/CountryFlags/countries/bo.svg",
        "mask": "#-###-####"
    },
    {
        "name": "Bosnia and Herzegovina",
        "dial_code":  "+387",
        "iso": "BA",
        "flag": "https://cdn.kcak11.com/CountryFlags/countries/ba.svg",
        "mask": [
            "##-####",
            "##-#####"
        ]
    },
    {
        "name": "Botswana",
        "dial_code":  "+267",
        "iso": "BW",
        "flag": "https://cdn.kcak11.com/CountryFlags/countries/bw.svg",
        "mask": "##-###-###"
    },
    {
        "name": "Brazil",
        "dial_code":  "+55",
        "iso": "BR",
        "flag": "https://cdn.kcak11.com/CountryFlags/countries/br.svg",
        "mask": [
            "(##)####-####",
            "(##)#####-####"
        ]
    },
    {
        "name": "British Indian Ocean Territory",
        "dial_code":  "+246",
        "iso": "IO",
        "flag": "https://cdn.kcak11.com/CountryFlags/countries/io.svg",
        "mask": "###-####"
    },
    {
        "name": "Brunei Darussalam",
        "dial_code":  "+673",
        "iso": "BN",
        "flag": "https://cdn.kcak11.com/CountryFlags/countries/bn.svg",
        "mask": "###-####"
    },
    {
        "name": "Bulgaria",
        "dial_code":  "+359",
        "iso": "BG",
        "flag": "https://cdn.kcak11.com/CountryFlags/countries/bg.svg",
        "mask": "(###)###-###"
    },
    {
        "name": "Burkina Faso",
        "dial_code":  "+226",
        "iso": "BF",
        "flag": "https://cdn.kcak11.com/CountryFlags/countries/bf.svg",
        "mask": "##-##-####"
    },
    {
        "name": "Burundi",
        "dial_code":  "+257",
        "iso": "BI",
        "flag": "https://cdn.kcak11.com/CountryFlags/countries/bi.svg",
        "mask": "##-##-####"
    },
    {
        "name": "Cambodia",
        "dial_code":  "+855",
        "iso": "KH",
        "flag": "https://cdn.kcak11.com/CountryFlags/countries/kh.svg",
        "mask": "##-###-###"
    },
    {
        "name": "Cameroon",
        "dial_code":  "+237",
        "iso": "CM",
        "flag": "https://cdn.kcak11.com/CountryFlags/countries/cm.svg",
        "mask": "####-####"
    },
    {
        "name": "Canada",
        "dial_code":  "+1",
        "iso": "CA",
        "flag": "https://cdn.kcak11.com/CountryFlags/countries/ca.svg",
        "mask": "(###)###-####"
    },
    {
        "name": "Cape Verde",
        "dial_code":  "+238",
        "iso": "CV",
        "flag": "https://cdn.kcak11.com/CountryFlags/countries/cv.svg",
        "mask": "(###)##-##"
    },
    {
        "name": "Cayman Islands",
        "dial_code":  "+1",
        "iso": "KY",
        "flag": "https://cdn.kcak11.com/CountryFlags/countries/ky.svg",
        "mask": "(345)###-####"
    },
    {
        "name": "Central African Republic",
        "dial_code":  "+236",
        "iso": "CF",
        "flag": "https://cdn.kcak11.com/CountryFlags/countries/cf.svg",
        "mask": "##-##-####"
    },
    {
        "name": "Chad",
        "dial_code":  "+235",
        "iso": "TD",
        "flag": "https://cdn.kcak11.com/CountryFlags/countries/td.svg",
        "mask": "##-##-##-##"
    },
    {
        "name": "Chile",
        "dial_code":  "+56",
        "iso": "CL",
        "flag": "https://cdn.kcak11.com/CountryFlags/countries/cl.svg",
        "mask": "#-####-####"
    },
    {
        "name": "China",
        "dial_code":  "+86",
        "iso": "CN",
        "flag": "https://cdn.kcak11.com/CountryFlags/countries/cn.svg",
        "mask": [
            "(###)####-###",
            "(###)####-####",
            "##-#####-#####"
        ]
    },
    {
        "name": "Christmas Island",
        "dial_code":  "+61",
        "iso": "CX",
        "flag": "https://cdn.kcak11.com/CountryFlags/countries/cx.svg",
        "mask": "#-####-####"
    },
    {
        "name": "Cocos (Keeling) Islands",
        "dial_code":  "+61",
        "iso": "CC",
        "flag": "https://cdn.kcak11.com/CountryFlags/countries/cc.svg",
        "mask": "#-####-####"
    },
    {
        "name": "Colombia",
        "dial_code":  "+57",
        "iso": "CO",
        "flag": "https://cdn.kcak11.com/CountryFlags/countries/co.svg",
        "mask": "(###)###-####"
    },
    {
        "name": "Comoros",
        "dial_code":  "+269",
        "iso": "KM",
        "flag": "https://cdn.kcak11.com/CountryFlags/countries/km.svg",
        "mask": "##-#####"
    },
    {
        "name": "Congo",
        "dial_code":  "+242",
        "iso": "CG",
        "flag": "https://cdn.kcak11.com/CountryFlags/countries/cg.svg",
        "mask": "##-#####"
    },
    {
        "name": "Cook Islands",
        "dial_code":  "+682",
        "iso": "CK",
        "flag": "https://cdn.kcak11.com/CountryFlags/countries/ck.svg",
        "mask": "##-###"
    },
    {
        "name": "Costa Rica",
        "dial_code":  "+506",
        "iso": "CR",
        "flag": "https://cdn.kcak11.com/CountryFlags/countries/cr.svg",
        "mask": "####-####"
    },
    {
        "name": "Croatia",
        "dial_code":  "+385",
        "iso": "HR",
        "flag": "https://cdn.kcak11.com/CountryFlags/countries/hr.svg",
        "mask": "##-###-###"
    },
    {
        "name": "Cuba",
        "dial_code":  "+53",
        "iso": "CU",
        "flag": "https://cdn.kcak11.com/CountryFlags/countries/cu.svg",
        "mask": "#-###-####"
    },
    {
        "name": "Cyprus",
        "dial_code":  "+357",
        "iso": "CY",
        "flag": "https://cdn.kcak11.com/CountryFlags/countries/cy.svg",
        "mask": "##-###-###"
    },
    {
        "name": "Czech Republic",
        "dial_code":  "+420",
        "iso": "CZ",
        "flag": "https://cdn.kcak11.com/CountryFlags/countries/cz.svg",
        "mask": "(###)###-###"
    },
    {
        "name": "Democratic Republic of the Congo",
        "dial_code":  "+243",
        "iso": "CD",
        "flag": "https://cdn.kcak11.com/CountryFlags/countries/cd.svg",
        "mask": "(###)###-###"
    },
    {
        "name": "Denmark",
        "dial_code":  "+45",
        "iso": "DK",
        "flag": "https://cdn.kcak11.com/CountryFlags/countries/dk.svg",
        "mask": "##-##-##-##"
    },
    {
        "name": "Djibouti",
        "dial_code":  "+253",
        "iso": "DJ",
        "flag": "https://cdn.kcak11.com/CountryFlags/countries/dj.svg",
        "mask": "##-##-##-##"
    },
    {
        "name": "Dominica",
        "dial_code":  "+1",
        "iso": "DM",
        "flag": "https://cdn.kcak11.com/CountryFlags/countries/dm.svg",
        "mask": "(767)###-####"
    },
    {
        "name": "Dominican Republic",
        "dial_code":  "+1",
        "iso": "DO",
        "flag": "https://cdn.kcak11.com/CountryFlags/countries/do.svg",
        "mask": [
            "(809)###-####",
            "(829)###-####",
            "(849)###-####"
        ]
    },
    {
        "name": "Ecuador",
        "dial_code":  "+593",
        "iso": "EC",
        "flag": "https://cdn.kcak11.com/CountryFlags/countries/ec.svg",
        "mask": [
            "#-###-####",
            "##-###-####"
        ]
    },
    {
        "name": "Egypt",
        "dial_code":  "+20",
        "iso": "EG",
        "flag": "https://cdn.kcak11.com/CountryFlags/countries/eg.svg",
        "mask": "(###)###-####"
    },
    {
        "name": "El Salvador",
        "dial_code":  "+503",
        "iso": "SV",
        "flag": "https://cdn.kcak11.com/CountryFlags/countries/sv.svg",
        "mask": "##-##-####"
    },
    {
        "name": "Equatorial Guinea",
        "dial_code":  "+240",
        "iso": "GQ",
        "flag": "https://cdn.kcak11.com/CountryFlags/countries/gq.svg",
        "mask": "##-###-####"
    },
    {
        "name": "Eritrea",
        "dial_code":  "+291",
        "iso": "ER",
        "flag": "https://cdn.kcak11.com/CountryFlags/countries/er.svg",
        "mask": "#-###-###"
    },
    {
        "name": "Estonia",
        "dial_code":  "+372",
        "iso": "EE",
        "flag": "https://cdn.kcak11.com/CountryFlags/countries/ee.svg",
        "mask": [
            "###-####",
            "####-####"
        ]
    },
    {
        "name": "Eswatini",
        "dial_code":  "+268",
        "iso": "SZ",
        "flag": "https://cdn.kcak11.com/CountryFlags/countries/sz.svg",
        "mask": "##-##-####"
    },
    {
        "name": "Ethiopia",
        "dial_code":  "+251",
        "iso": "ET",
        "flag": "https://cdn.kcak11.com/CountryFlags/countries/et.svg",
        "mask": "##-###-####"
    },
    {
        "name": "Falkland Islands (Malvinas)",
        "dial_code":  "+500",
        "iso": "FK",
        "flag": "https://cdn.kcak11.com/CountryFlags/countries/fk.svg",
        "mask": "#####"
    },
    {
        "name": "Faroe Islands",
        "dial_code":  "+298",
        "iso": "FO",
        "flag": "https://cdn.kcak11.com/CountryFlags/countries/fo.svg",
        "mask": "###-###"
    },
    {
        "name": "Fiji",
        "dial_code":  "+679",
        "iso": "FJ",
        "flag": "https://cdn.kcak11.com/CountryFlags/countries/fj.svg",
        "mask": "##-#####"
    },
    {
        "name": "Finland",
        "dial_code":  "+358",
        "iso": "FI",
        "flag": "https://cdn.kcak11.com/CountryFlags/countries/fi.svg",
        "mask": "(###)###-##-##"
    },
    {
        "name": "France",
        "dial_code":  "+33",
        "iso": "FR",
        "flag": "https://cdn.kcak11.com/CountryFlags/countries/fr.svg",
        "mask": "(###)###-###"
    },
    {
        "name": "French Guiana",
        "dial_code":  "+594",
        "iso": "GF",
        "flag": "https://cdn.kcak11.com/CountryFlags/countries/gf.svg",
        "mask": "#####-####"
    },
    {
        "name": "French Polynesia",
        "dial_code":  "+689",
        "iso": "PF",
        "flag": "https://cdn.kcak11.com/CountryFlags/countries/pf.svg",
        "mask": "##-##-##"
    },
    {
        "name": "Gabon",
        "dial_code":  "+241",
        "iso": "GA",
        "flag": "https://cdn.kcak11.com/CountryFlags/countries/ga.svg",
        "mask": "#-##-##-##"
    },
    {
        "name": "Gambia",
        "dial_code":  "+220",
        "iso": "GM",
        "flag": "https://cdn.kcak11.com/CountryFlags/countries/gm.svg",
        "mask": "(###)##-##"
    },
    {
        "name": "Georgia",
        "dial_code":  "+995",
        "iso": "GE",
        "flag": "https://cdn.kcak11.com/CountryFlags/countries/ge.svg",
        "mask": "(###)###-###"
    },
    {
        "name": "Germany",
        "dial_code":  "+49",
        "iso": "DE",
        "flag": "https://cdn.kcak11.com/CountryFlags/countries/de.svg",
        "mask": [
            "###-###",
            "(###)##-##",
            "(###)##-###",
            "(###)##-####",
            "(###)###-####",
            "(####)###-####"
        ]
    },
    {
        "name": "Ghana",
        "dial_code":  "+233",
        "iso": "GH",
        "flag": "https://cdn.kcak11.com/CountryFlags/countries/gh.svg",
        "mask": "(###)###-###"
    },
    {
        "name": "Gibraltar",
        "dial_code":  "+350",
        "iso": "GI",
        "flag": "https://cdn.kcak11.com/CountryFlags/countries/gi.svg",
        "mask": "###-#####"
    },
    {
        "name": "Greece",
        "dial_code":  "+30",
        "iso": "GR",
        "flag": "https://cdn.kcak11.com/CountryFlags/countries/gr.svg",
        "mask": "(###)###-####"
    },
    {
        "name": "Greenland",
        "dial_code":  "+299",
        "iso": "GL",
        "flag": "https://cdn.kcak11.com/CountryFlags/countries/gl.svg",
        "mask": "##-##-##"
    },
    {
        "name": "Grenada",
        "dial_code":  "+1",
        "iso": "GD",
        "flag": "https://cdn.kcak11.com/CountryFlags/countries/gd.svg",
        "mask": "(473)###-####"
    },
    {
        "name": "Guadeloupe",
        "dial_code":  "+590",
        "iso": "GP",
        "flag": "https://cdn.kcak11.com/CountryFlags/countries/gp.svg",
        "mask": "(###)###-###"
    },
    {
        "name": "Guam",
        "dial_code":  "+1",
        "iso": "GU",
        "flag": "https://cdn.kcak11.com/CountryFlags/countries/gu.svg",
        "mask": "(671)###-####"
    },
    {
        "name": "Guatemala",
        "dial_code":  "+502",
        "iso": "GT",
        "flag": "https://cdn.kcak11.com/CountryFlags/countries/gt.svg",
        "mask": "#-###-####"
    },
    {
        "name": "Guernsey",
        "dial_code":  "+44",
        "iso": "GG",
        "flag": "https://cdn.kcak11.com/CountryFlags/countries/gg.svg",
        "mask": "(####)######"
    },
    {
        "name": "Guinea",
        "dial_code":  "+224",
        "iso": "GN",
        "flag": "https://cdn.kcak11.com/CountryFlags/countries/gn.svg",
        "mask": "##-###-###"
    },
    {
        "name": "Guinea-Bissau",
        "dial_code":  "+245",
        "iso": "GW",
        "flag": "https://cdn.kcak11.com/CountryFlags/countries/gw.svg",
        "mask": "#-######"
    },
    {
        "name": "Guyana",
        "dial_code":  "+592",
        "iso": "GY",
        "flag": "https://cdn.kcak11.com/CountryFlags/countries/gy.svg",
        "mask": "###-####"
    },
    {
        "name": "Haiti",
        "dial_code":  "+509",
        "iso": "HT",
        "flag": "https://cdn.kcak11.com/CountryFlags/countries/ht.svg",
        "mask": "##-##-####"
    },
    {
        "name": "Holy See (Vatican City State)",
        "dial_code":  "+39",
        "iso": "VA",
        "flag": "https://cdn.kcak11.com/CountryFlags/countries/va.svg",
        "mask": "06 698#####"
    },
    {
        "name": "Honduras",
        "dial_code":  "+504",
        "iso": "HN",
        "flag": "https://cdn.kcak11.com/CountryFlags/countries/hn.svg",
        "mask": "####-####"
    },
    {
        "name": "Hong Kong",
        "dial_code":  "+852",
        "iso": "HK",
        "flag": "https://cdn.kcak11.com/CountryFlags/countries/hk.svg",
        "mask": "####-####"
    },
    {
        "name": "Hungary",
        "dial_code":  "+36",
        "iso": "HU",
        "flag": "https://cdn.kcak11.com/CountryFlags/countries/hu.svg",
        "mask": "(###)###-###"
    },
    {
        "name": "Iceland",
        "dial_code":  "+354",
        "iso": "IS",
        "flag": "https://cdn.kcak11.com/CountryFlags/countries/is.svg",
        "mask": "###-####"
    },
    {
        "name": "India",
        "dial_code":  "+91",
        "iso": "IN",
        "flag": "https://cdn.kcak11.com/CountryFlags/countries/in.svg",
        "mask": "(####)###-###"
    },
    {
        "name": "Indonesia",
        "dial_code":  "+62",
        "iso": "ID",
        "flag": "https://cdn.kcak11.com/CountryFlags/countries/id.svg",
        "mask": [
            "##-###-##",
            "##-###-###",
            "##-###-####",
            "(8##)###-###",
            "(8##)###-##-###"
        ]
    },
    {
        "name": "Iran",
        "dial_code":  "+98",
        "iso": "IR",
        "flag": "https://cdn.kcak11.com/CountryFlags/countries/ir.svg",
        "mask": "(###)###-####"
    },
    {
        "name": "Iraq",
        "dial_code":  "+924",
        "iso": "IQ",
        "flag": "https://cdn.kcak11.com/CountryFlags/countries/iq.svg",
        "mask": "(###)###-####"
    },
    {
        "name": "Ireland",
        "dial_code":  "+353",
        "iso": "IE",
        "flag": "https://cdn.kcak11.com/CountryFlags/countries/ie.svg",
        "mask": "(###)###-###"
    },
    {
        "name": "Isle of Man",
        "dial_code":  "+44",
        "iso": "IM",
        "flag": "https://cdn.kcak11.com/CountryFlags/countries/im.svg",
        "mask": "(####)######"
    },
    {
        "name": "Israel",
        "dial_code":  "+972",
        "iso": "IL",
        "flag": "https://cdn.kcak11.com/CountryFlags/countries/il.svg",
        "mask": [
            "#-###-####",
            "5#-###-####"
        ]
    },
    {
        "name": "Italy",
        "dial_code":  "+39",
        "iso": "IT",
        "flag": "https://cdn.kcak11.com/CountryFlags/countries/it.svg",
        "mask": "(###)####-###"
    },
    {
        "name": "Ivory Coast / Cote d'Ivoire",
        "dial_code":  "+225",
        "iso": "CI",
        "flag": "https://cdn.kcak11.com/CountryFlags/countries/ci.svg",
        "mask": "##-###-###"
    },
    {
        "name": "Jamaica",
        "dial_code":  "+1",
        "iso": "JM",
        "flag": "https://cdn.kcak11.com/CountryFlags/countries/jm.svg",
        "mask": "(876)###-####"
    },
    {
        "name": "Japan",
        "dial_code":  "+81",
        "iso": "JP",
        "flag": "https://cdn.kcak11.com/CountryFlags/countries/jp.svg",
        "mask": [
            "(###)###-###",
            "##-####-####"
        ]
    },
    {
        "name": "Jersey",
        "dial_code":  "+44",
        "iso": "JE",
        "flag": "https://cdn.kcak11.com/CountryFlags/countries/je.svg",
        "mask": "(####)####-######"
    },
    {
        "name": "Jordan",
        "dial_code":  "+962",
        "iso": "JO",
        "flag": "https://cdn.kcak11.com/CountryFlags/countries/jo.svg",
        "mask": "#-####-####"
    },
    {
        "name": "Kazakhstan",
        "dial_code":  "+77",
        "iso": "KZ",
        "flag": "https://cdn.kcak11.com/CountryFlags/countries/kz.svg",
        "mask": [
            "(6##)###-##-##",
            "(7##)###-##-##"
        ]
    },
    {
        "name": "Kenya",
        "dial_code":  "+254",
        "iso": "KE",
        "flag": "https://cdn.kcak11.com/CountryFlags/countries/ke.svg",
        "mask": "###-######"
    },
    {
        "name": "Kiribati",
        "dial_code":  "+686",
        "iso": "KI",
        "flag": "https://cdn.kcak11.com/CountryFlags/countries/ki.svg",
        "mask": "##-###"
    },
    {
        "name": "Korea, Democratic People's Republic of Korea",
        "dial_code":  "+850",
        "iso": "KP",
        "flag": "https://cdn.kcak11.com/CountryFlags/countries/kp.svg",
        "mask": [
            "###-###",
            "####-####",
            "##-###-###",
            "###-####-###",
            "191-###-####",
            "####-#############"
        ]
    },
    {
        "name": "Korea, Republic of South Korea",
        "dial_code":  "+82",
        "iso": "KR",
        "flag": "https://cdn.kcak11.com/CountryFlags/countries/kr.svg",
        "mask": "##-###-####"
    },
    {
        "name": "Kosovo",
        "dial_code":  "+383",
        "iso": "XK",
        "flag": "https://cdn.kcak11.com/CountryFlags/countries/xk.svg",
        "mask": [
            "##-###-###",
            "###-###-###"
        ]
    },
    {
        "name": "Kuwait",
        "dial_code":  "+965",
        "iso": "KW",
        "flag": "https://cdn.kcak11.com/CountryFlags/countries/kw.svg",
        "mask": "####-####"
    },
    {
        "name": "Kyrgyzstan",
        "dial_code":  "+996",
        "iso": "KG",
        "flag": "https://cdn.kcak11.com/CountryFlags/countries/kg.svg",
        "mask": "(###)###-###"
    },
    {
        "name": "Laos",
        "dial_code":  "+856",
        "iso": "LA",
        "flag": "https://cdn.kcak11.com/CountryFlags/countries/la.svg",
        "mask": [
            "##-###-###",
            "(20##)###-###"
        ]
    },
    {
        "name": "Latvia",
        "dial_code":  "+371",
        "iso": "LV",
        "flag": "https://cdn.kcak11.com/CountryFlags/countries/lv.svg",
        "mask": "##-###-###"
    },
    {
        "name": "Lebanon",
        "dial_code":  "+961",
        "iso": "LB",
        "flag": "https://cdn.kcak11.com/CountryFlags/countries/lb.svg",
        "mask": [
            "#-###-###",
            "##-###-###"
        ]
    },
    {
        "name": "Lesotho",
        "dial_code":  "+266",
        "iso": "LS",
        "flag": "https://cdn.kcak11.com/CountryFlags/countries/ls.svg",
        "mask": "#-###-####"
    },
    {
        "name": "Liberia",
        "dial_code":  "+231",
        "iso": "LR",
        "flag": "https://cdn.kcak11.com/CountryFlags/countries/lr.svg",
        "mask": "##-###-###"
    },
    {
        "name": "Libya",
        "dial_code":  "+218",
        "iso": "LY",
        "flag": "https://cdn.kcak11.com/CountryFlags/countries/ly.svg",
        "mask": [
            "##-###-###",
            "21-###-####"
        ]
    },
    {
        "name": "Liechtenstein",
        "dial_code":  "+423",
        "iso": "LI",
        "flag": "https://cdn.kcak11.com/CountryFlags/countries/li.svg",
        "mask": "(###)###-####"
    },
    {
        "name": "Lithuania",
        "dial_code":  "+370",
        "iso": "LT",
        "flag": "https://cdn.kcak11.com/CountryFlags/countries/lt.svg",
        "mask": "(###)##-###"
    },
    {
        "name": "Luxembourg",
        "dial_code":  "+352",
        "iso": "LU",
        "flag": "https://cdn.kcak11.com/CountryFlags/countries/lu.svg",
        "mask": "(###)###-###"
    },
    {
        "name": "Macau",
        "dial_code":  "+853",
        "iso": "MO",
        "flag": "https://cdn.kcak11.com/CountryFlags/countries/mo.svg",
        "mask": "####-####"
    },
    {
        "name": "Madagascar",
        "dial_code":  "+261",
        "iso": "MG",
        "flag": "https://cdn.kcak11.com/CountryFlags/countries/mg.svg",
        "mask": "##-##-#####"
    },
    {
        "name": "Malawi",
        "dial_code":  "+265",
        "iso": "MW",
        "flag": "https://cdn.kcak11.com/CountryFlags/countries/mw.svg",
        "mask": [
            "1-###-###",
            "#-####-####"
        ]
    },
    {
        "name": "Malaysia",
        "dial_code":  "+60",
        "iso": "MY",
        "flag": "https://cdn.kcak11.com/CountryFlags/countries/my.svg",
        "mask": [
            "#-###-###",
            "##-###-###",
            "(###)###-###",
            "##-###-####"
        ]
    },
    {
        "name": "Maldives",
        "dial_code":  "+960",
        "iso": "MV",
        "flag": "https://cdn.kcak11.com/CountryFlags/countries/mv.svg",
        "mask": "###-####"
    },
    {
        "name": "Mali",
        "dial_code":  "+223",
        "iso": "ML",
        "flag": "https://cdn.kcak11.com/CountryFlags/countries/ml.svg",
        "mask": "##-##-####"
    },
    {
        "name": "Malta",
        "dial_code":  "+356",
        "iso": "MT",
        "flag": "https://cdn.kcak11.com/CountryFlags/countries/mt.svg",
        "mask": "####-####"
    },
    {
        "name": "Marshall Islands",
        "dial_code":  "+692",
        "iso": "MH",
        "flag": "https://cdn.kcak11.com/CountryFlags/countries/mh.svg",
        "mask": "###-####"
    },
    {
        "name": "Martinique",
        "dial_code":  "+596",
        "iso": "MQ",
        "flag": "https://cdn.kcak11.com/CountryFlags/countries/mq.svg",
        "mask": "(###)##-##-##"
    },
    {
        "name": "Mauritania",
        "dial_code":  "+222",
        "iso": "MR",
        "flag": "https://cdn.kcak11.com/CountryFlags/countries/mr.svg",
        "mask": "##-##-####"
    },
    {
        "name": "Mauritius",
        "dial_code":  "+230",
        "iso": "MU",
        "flag": "https://cdn.kcak11.com/CountryFlags/countries/mu.svg",
        "mask": "###-####"
    },
    {
        "name": "Mayotte",
        "dial_code":  "+262",
        "iso": "YT",
        "flag": "https://cdn.kcak11.com/CountryFlags/countries/yt.svg",
        "mask": "#####-####"
    },
    {
        "name": "Mexico",
        "dial_code":  "+52",
        "iso": "MX",
        "flag": "https://cdn.kcak11.com/CountryFlags/countries/mx.svg",
        "mask": [
            "##-##-####",
            "(###)###-####"
        ]
    },
    {
        "name": "Micronesia, Federated States of Micronesia",
        "dial_code":  "+691",
        "iso": "FM",
        "flag": "https://cdn.kcak11.com/CountryFlags/countries/fm.svg",
        "mask": "###-####"
    },
    {
        "name": "Moldova",
        "dial_code":  "+373",
        "iso": "MD",
        "flag": "https://cdn.kcak11.com/CountryFlags/countries/md.svg",
        "mask": "####-####"
    },
    {
        "name": "Monaco",
        "dial_code":  "+377",
        "iso": "MC",
        "flag": "https://cdn.kcak11.com/CountryFlags/countries/mc.svg",
        "mask": [
            "##-###-###",
            "(###)###-###"
        ]
    },
    {
        "name": "Mongolia",
        "dial_code":  "+976",
        "iso": "MN",
        "flag": "https://cdn.kcak11.com/CountryFlags/countries/mn.svg",
        "mask": "##-##-####"
    },
    {
        "name": "Montenegro",
        "dial_code":  "+382",
        "iso": "ME",
        "flag": "https://cdn.kcak11.com/CountryFlags/countries/me.svg",
        "mask": "##-###-###"
    },
    {
        "name": "Montserrat",
        "dial_code":  "+1",
        "iso": "MS",
        "flag": "https://cdn.kcak11.com/CountryFlags/countries/ms.svg",
        "mask": "(664)###-####"
    },
    {
        "name": "Morocco",
        "dial_code":  "+212",
        "iso": "MA",
        "flag": "https://cdn.kcak11.com/CountryFlags/countries/ma.svg",
        "mask": "##-####-###"
    },
    {
        "name": "Mozambique",
        "dial_code":  "+258",
        "iso": "MZ",
        "flag": "https://cdn.kcak11.com/CountryFlags/countries/mz.svg",
        "mask": "##-###-###"
    },
    {
        "name": "Myanmar",
        "dial_code":  "+95",
        "iso": "MM",
        "flag": "https://cdn.kcak11.com/CountryFlags/countries/mm.svg",
        "mask": [
            "###-###",
            "#-###-###",
            "##-###-###"
        ]
    },
    {
        "name": "Namibia",
        "dial_code":  "+224",
        "iso": "NA",
        "flag": "https://cdn.kcak11.com/CountryFlags/countries/na.svg",
        "mask": "##-###-####"
    },
    {
        "name": "Nauru",
        "dial_code":  "+674",
        "iso": "NR",
        "flag": "https://cdn.kcak11.com/CountryFlags/countries/nr.svg",
        "mask": "###-####"
    },
    {
        "name": "Nepal",
        "dial_code":  "+977",
        "iso": "NP",
        "flag": "https://cdn.kcak11.com/CountryFlags/countries/np.svg",
        "mask": "##-###-###"
    },
    {
        "name": "Netherlands",
        "dial_code":  "+31",
        "iso": "NL",
        "flag": "https://cdn.kcak11.com/CountryFlags/countries/nl.svg",
        "mask": "##-###-####"
    },
    {
        "name": "Netherlands Antilles",
        "dial_code":  "+599",
        "iso": "AN",
        "flag": "https://cdn.kcak11.com/CountryFlags/countries/an.svg",
        "mask": [
            "###-####",
            "9###-####"
        ]
    },
    {
        "name": "New Caledonia",
        "dial_code":  "+687",
        "iso": "NC",
        "flag": "https://cdn.kcak11.com/CountryFlags/countries/nc.svg",
        "mask": "##-####"
    },
    {
        "name": "New Zealand",
        "dial_code":  "+24",
        "iso": "NZ",
        "flag": "https://cdn.kcak11.com/CountryFlags/countries/nz.svg",
        "mask": [
            "#-###-###",
            "(###)###-###",
            "(###)###-####"
        ]
    },
    {
        "name": "Nicaragua",
        "dial_code":  "+505",
        "iso": "NI",
        "flag": "https://cdn.kcak11.com/CountryFlags/countries/ni.svg",
        "mask": "####-####"
    },
    {
        "name": "Niger",
        "dial_code":  "+227",
        "iso": "NE",
        "flag": "https://cdn.kcak11.com/CountryFlags/countries/ne.svg",
        "mask": "##-##-####"
    },
    {
        "name": "Nigeria",
        "dial_code":  "+234",
        "iso": "NG",
        "flag": "https://cdn.kcak11.com/CountryFlags/countries/ng.svg",
        "mask": [
            "##-###-##",
            "##-###-###",
            "(###)###-####"
        ]
    },
    {
        "name": "Niue",
        "dial_code":  "+683",
        "iso": "NU",
        "flag": "https://cdn.kcak11.com/CountryFlags/countries/nu.svg",
        "mask": "####"
    },
    {
        "name": "Norfolk Island",
        "dial_code":  "+672",
        "iso": "NF",
        "flag": "https://cdn.kcak11.com/CountryFlags/countries/nf.svg",
        "mask": "3##-###"
    },
    {
        "name": "North Macedonia",
        "dial_code":  "+389",
        "iso": "MK",
        "flag": "https://cdn.kcak11.com/CountryFlags/countries/mk.svg",
        "mask": "##-###-###"
    },
    {
        "name": "Northern Mariana Islands",
        "dial_code":  "+1",
        "iso": "MP",
        "flag": "https://cdn.kcak11.com/CountryFlags/countries/mp.svg",
        "mask": "(670)###-####"
    },
    {
        "name": "Norway",
        "dial_code":  "+47",
        "iso": "NO",
        "flag": "https://cdn.kcak11.com/CountryFlags/countries/no.svg",
        "mask": "(###)##-###"
    },
    {
        "name": "Oman",
        "dial_code":  "+968",
        "iso": "OM",
        "flag": "https://cdn.kcak11.com/CountryFlags/countries/om.svg",
        "mask": "##-###-###"
    },
    {
        "name": "Pakistan",
        "dial_code":  "+92",
        "iso": "PK",
        "flag": "https://cdn.kcak11.com/CountryFlags/countries/pk.svg",
        "mask": "(###)###-####"
    },
    {
        "name": "Palau",
        "dial_code":  "+680",
        "iso": "PW",
        "flag": "https://cdn.kcak11.com/CountryFlags/countries/pw.svg",
        "mask": "###-####"
    },
    {
        "name": "Palestine",
        "dial_code":  "+970",
        "iso": "PS",
        "flag": "https://cdn.kcak11.com/CountryFlags/countries/ps.svg",
        "mask": "##-###-####"
    },
    {
        "name": "Panama",
        "dial_code":  "+507",
        "iso": "PA",
        "flag": "https://cdn.kcak11.com/CountryFlags/countries/pa.svg",
        "mask": "###-####"
    },
    {
        "name": "Papua New Guinea",
        "dial_code":  "+675",
        "iso": "PG",
        "flag": "https://cdn.kcak11.com/CountryFlags/countries/pg.svg",
        "mask": "(###)##-###"
    },
    {
        "name": "Paraguay",
        "dial_code":  "+595",
        "iso": "PY",
        "flag": "https://cdn.kcak11.com/CountryFlags/countries/py.svg",
        "mask": "(###)###-###"
    },
    {
        "name": "Peru",
        "dial_code":  "+51",
        "iso": "PE",
        "flag": "https://cdn.kcak11.com/CountryFlags/countries/pe.svg",
        "mask": "(###)###-###"
    },
    {
        "name": "Philippines",
        "dial_code":  "+63",
        "iso": "PH",
        "flag": "https://cdn.kcak11.com/CountryFlags/countries/ph.svg",
        "mask": "(###)###-####"
    },
    {
        "name": "Pitcairn",
        "dial_code":  "+870",
        "iso": "PN",
        "flag": "https://cdn.kcak11.com/CountryFlags/countries/pn.svg",
        "mask": "###-###-###"
    },
    {
        "name": "Poland",
        "dial_code":  "+48",
        "iso": "PL",
        "flag": "https://cdn.kcak11.com/CountryFlags/countries/pl.svg",
        "mask": "(###)###-###"
    },
    {
        "name": "Portugal",
        "dial_code":  "+351",
        "iso": "PT",
        "flag": "https://cdn.kcak11.com/CountryFlags/countries/pt.svg",
        "mask": "##-###-####"
    },
    {
        "name": "Puerto Rico",
        "dial_code":  "+1",
        "iso": "PR",
        "flag": "https://cdn.kcak11.com/CountryFlags/countries/pr.svg",
        "mask": [
            "(787) ### ####",
            "(939) ### ####"
        ]
    },
    {
        "name": "Qatar",
        "dial_code":  "+974",
        "iso": "QA",
        "flag": "https://cdn.kcak11.com/CountryFlags/countries/qa.svg",
        "mask": "####-####"
    },
    {
        "name": "Reunion",
        "dial_code":  "+262",
        "iso": "RE",
        "flag": "https://cdn.kcak11.com/CountryFlags/countries/re.svg",
        "mask": "#####-####"
    },
    {
        "name": "Romania",
        "dial_code":  "+40",
        "iso": "RO",
        "flag": "https://cdn.kcak11.com/CountryFlags/countries/ro.svg",
        "mask": "##-###-####"
    },
    {
        "name": "Russia",
        "dial_code":  "+7",
        "iso": "RU",
        "flag": "https://cdn.kcak11.com/CountryFlags/countries/ru.svg",
        "mask": "(###)###-##-##"
    },
    {
        "name": "Rwanda",
        "dial_code":  "+250",
        "iso": "RW",
        "flag": "https://cdn.kcak11.com/CountryFlags/countries/rw.svg",
        "mask": "(###)###-###"
    },
    {
        "name": "Saint Barthelemy",
        "dial_code":  "+590",
        "iso": "BL",
        "flag": "https://cdn.kcak11.com/CountryFlags/countries/bl.svg",
        "mask": "###-##-##-##"
    },
    {
        "name": "Saint Helena, Ascension and Tristan Da Cunha",
        "dial_code":  "+290",
        "iso": "SH",
        "flag": "https://cdn.kcak11.com/CountryFlags/countries/sh.svg",
        "mask": "####"
    },
    {
        "name": "Saint Kitts and Nevis",
        "dial_code":  "+1",
        "iso": "KN",
        "flag": "https://cdn.kcak11.com/CountryFlags/countries/kn.svg",
        "mask": "(869)###-####"
    },
    {
        "name": "Saint Lucia",
        "dial_code":  "+1",
        "iso": "LC",
        "flag": "https://cdn.kcak11.com/CountryFlags/countries/lc.svg",
        "mask": "(758)###-####"
    },
    {
        "name": "Saint Martin",
        "dial_code":  "+590",
        "iso": "MF",
        "flag": "https://cdn.kcak11.com/CountryFlags/countries/mf.svg",
        "mask": "(###)###-###"
    },
    {
        "name": "Saint Pierre and Miquelon",
        "dial_code":  "+508",
        "iso": "PM",
        "flag": "https://cdn.kcak11.com/CountryFlags/countries/pm.svg",
        "mask": "##-####"
    },
    {
        "name": "Saint Vincent and the Grenadines",
        "dial_code":  "+1",
        "iso": "VC",
        "flag": "https://cdn.kcak11.com/CountryFlags/countries/vc.svg",
        "mask": "(784)###-####"
    },
    {
        "name": "Samoa",
        "dial_code":  "+685",
        "iso": "WS",
        "flag": "https://cdn.kcak11.com/CountryFlags/countries/ws.svg",
        "mask": "##-####"
    },
    {
        "name": "San Marino",
        "dial_code":  "+378",
        "iso": "SM",
        "flag": "https://cdn.kcak11.com/CountryFlags/countries/sm.svg",
        "mask": "####-######"
    },
    {
        "name": "Sao Tome and Principe",
        "dial_code":  "+239",
        "iso": "ST",
        "flag": "https://cdn.kcak11.com/CountryFlags/countries/st.svg",
        "mask": "##-#####"
    },
    {
        "name": "Saudi Arabia",
        "dial_code":  "+966",
        "iso": "SA",
        "flag": "https://cdn.kcak11.com/CountryFlags/countries/sa.svg",
        "mask": [
            "#-###-####",
            "5#-####-####"
        ]
    },
    {
        "name": "Senegal",
        "dial_code":  "+221",
        "iso": "SN",
        "flag": "https://cdn.kcak11.com/CountryFlags/countries/sn.svg",
        "mask": "##-###-####"
    },
    {
        "name": "Serbia",
        "dial_code":  "+381",
        "iso": "RS",
        "flag": "https://cdn.kcak11.com/CountryFlags/countries/rs.svg",
        "mask": "##-###-####"
    },
    {
        "name": "Seychelles",
        "dial_code":  "+248",
        "iso": "SC",
        "flag": "https://cdn.kcak11.com/CountryFlags/countries/sc.svg",
        "mask": "#-###-###"
    },
    {
        "name": "Sierra Leone",
        "dial_code":  "+232",
        "iso": "SL",
        "flag": "https://cdn.kcak11.com/CountryFlags/countries/sl.svg",
        "mask": "##-######"
    },
    {
        "name": "Singapore",
        "dial_code":  "+65",
        "iso": "SG",
        "flag": "https://cdn.kcak11.com/CountryFlags/countries/sg.svg",
        "mask": "####-####"
    },
    {
        "name": "Sint Maarten",
        "dial_code":  "+1",
        "iso": "SX",
        "flag": "https://cdn.kcak11.com/CountryFlags/countries/sx.svg",
        "mask": "(721)###-####"
    },
    {
        "name": "Slovakia",
        "dial_code":  "+421",
        "iso": "SK",
        "flag": "https://cdn.kcak11.com/CountryFlags/countries/sk.svg",
        "mask": "(###)###-###"
    },
    {
        "name": "Slovenia",
        "dial_code":  "+386",
        "iso": "SI",
        "flag": "https://cdn.kcak11.com/CountryFlags/countries/si.svg",
        "mask": "##-###-###"
    },
    {
        "name": "Solomon Islands",
        "dial_code":  "+677",
        "iso": "SB",
        "flag": "https://cdn.kcak11.com/CountryFlags/countries/sb.svg",
        "mask": [
            "#####",
            "###-####"
        ]
    },
    {
        "name": "Somalia",
        "dial_code":  "+252",
        "iso": "SO",
        "flag": "https://cdn.kcak11.com/CountryFlags/countries/so.svg",
        "mask": [
            "#-###-###",
            "##-###-###"
        ]
    },
    {
        "name": "South Africa",
        "dial_code":  "+27",
        "iso": "ZA",
        "flag": "https://cdn.kcak11.com/CountryFlags/countries/za.svg",
        "mask": "##-###-####"
    },
    {
        "name": "South Georgia and the South Sandwich Islands",
        "dial_code":  "+500",
        "iso": "GS",
        "flag": "https://cdn.kcak11.com/CountryFlags/countries/gs.svg",
        "mask": "#####"
    },
    {
        "name": "South Sudan",
        "dial_code":  "+211",
        "iso": "SS",
        "flag": "https://cdn.kcak11.com/CountryFlags/countries/ss.svg",
        "mask": "##-###-####"
    },
    {
        "name": "Spain",
        "dial_code":  "+34",
        "iso": "ES",
        "flag": "https://cdn.kcak11.com/CountryFlags/countries/es.svg",
        "mask": "(###)###-###"
    },
    {
        "name": "Sri Lanka",
        "dial_code":  "+94",
        "iso": "LK",
        "flag": "https://cdn.kcak11.com/CountryFlags/countries/lk.svg",
        "mask": "##-###-####"
    },
    {
        "name": "Sudan",
        "dial_code":  "+249",
        "iso": "SD",
        "flag": "https://cdn.kcak11.com/CountryFlags/countries/sd.svg",
        "mask": "##-###-####"
    },
    {
        "name": "Suriname",
        "dial_code":  "+597",
        "iso": "SR",
        "flag": "https://cdn.kcak11.com/CountryFlags/countries/sr.svg",
        "mask": [
            "###-###",
            "###-####"
        ]
    },
    {
        "name": "Svalbard and Jan Mayen",
        "dial_code":  "+47",
        "iso": "SJ",
        "flag": "https://cdn.kcak11.com/CountryFlags/countries/sj.svg",
        "mask": "(###)##-###"
    },
    {
        "name": "Sweden",
        "dial_code":  "+46",
        "iso": "SE",
        "flag": "https://cdn.kcak11.com/CountryFlags/countries/se.svg",
        "mask": "##-###-####"
    },
    {
        "name": "Switzerland",
        "dial_code":  "+41",
        "iso": "CH",
        "flag": "https://cdn.kcak11.com/CountryFlags/countries/ch.svg",
        "mask": "##-###-####"
    },
    {
        "name": "Syrian Arab Republic",
        "dial_code":  "+963",
        "iso": "SY",
        "flag": "https://cdn.kcak11.com/CountryFlags/countries/sy.svg",
        "mask": "##-####-###"
    },
    {
        "name": "Taiwan",
        "dial_code":  "+886",
        "iso": "TW",
        "flag": "https://cdn.kcak11.com/CountryFlags/countries/tw.svg",
        "mask": [
            "####-####",
            "#-####-####"
        ]
    },
    {
        "name": "Tajikistan",
        "dial_code":  "+992",
        "iso": "TJ",
        "flag": "https://cdn.kcak11.com/CountryFlags/countries/tj.svg",
        "mask": "##-###-####"
    },
    {
        "name": "Tanzania, United Republic of Tanzania",
        "dial_code":  "+255",
        "iso": "TZ",
        "flag": "https://cdn.kcak11.com/CountryFlags/countries/tz.svg",
        "mask": "##-###-####"
    },
    {
        "name": "Thailand",
        "dial_code":  "+66",
        "iso": "TH",
        "flag": "https://cdn.kcak11.com/CountryFlags/countries/th.svg",
        "mask": [
            "##-###-###",
            "##-###-####"
        ]
    },
    {
        "name": "Timor-Leste",
        "dial_code":  "+670",
        "iso": "TL",
        "flag": "https://cdn.kcak11.com/CountryFlags/countries/tl.svg",
        "mask": [
            "###-####",
            "77#-#####",
            "78#-#####"
        ]
    },
    {
        "name": "Togo",
        "dial_code":  "+228",
        "iso": "TG",
        "flag": "https://cdn.kcak11.com/CountryFlags/countries/tg.svg",
        "mask": "##-###-###"
    },
    {
        "name": "Tokelau",
        "dial_code":  "+690",
        "iso": "TK",
        "flag": "https://cdn.kcak11.com/CountryFlags/countries/tk.svg",
        "mask": "####"
    },
    {
        "name": "Tonga",
        "dial_code":  "+676",
        "iso": "TO",
        "flag": "https://cdn.kcak11.com/CountryFlags/countries/to.svg",
        "mask": "#####"
    },
    {
        "name": "Trinidad and Tobago",
        "dial_code":  "+1",
        "iso": "TT",
        "flag": "https://cdn.kcak11.com/CountryFlags/countries/tt.svg",
        "mask": "(868)###-####"
    },
    {
        "name": "Tunisia",
        "dial_code":  "+216",
        "iso": "TN",
        "flag": "https://cdn.kcak11.com/CountryFlags/countries/tn.svg",
        "mask": "##-###-###"
    },
    {
        "name": "Turkey",
        "dial_code":  "+90",
        "iso": "TR",
        "flag": "https://cdn.kcak11.com/CountryFlags/countries/tr.svg",
        "mask": "(###)###-####"
    },
    {
        "name": "Turkmenistan",
        "dial_code":  "+993",
        "iso": "TM",
        "flag": "https://cdn.kcak11.com/CountryFlags/countries/tm.svg",
        "mask": "#-###-####"
    },
    {
        "name": "Turks and Caicos Islands",
        "dial_code":  "+1",
        "iso": "TC",
        "flag": "https://cdn.kcak11.com/CountryFlags/countries/tc.svg",
        "mask": "(249)###-###"
    },
    {
        "name": "Tuvalu",
        "dial_code":  "+688",
        "iso": "TV",
        "flag": "https://cdn.kcak11.com/CountryFlags/countries/tv.svg",
        "mask": [
            "2####",
            "90####"
        ]
    },
    {
        "name": "Uganda",
        "dial_code":  "+256",
        "iso": "UG",
        "flag": "https://cdn.kcak11.com/CountryFlags/countries/ug.svg",
        "mask": "(###)###-###"
    },
    {
        "name": "Ukraine",
        "dial_code":  "+380",
        "iso": "UA",
        "flag": "https://cdn.kcak11.com/CountryFlags/countries/ua.svg",
        "mask": "(##)###-##-##"
    },
    {
        "name": "United Arab Emirates",
        "dial_code":  "+971",
        "iso": "AE",
        "flag": "https://cdn.kcak11.com/CountryFlags/countries/ae.svg",
        "mask": [
            "#-###-####",
            "5#-###-####"
        ]
    },
    {
        "name": "United Kingdom",
        "dial_code":  "+44",
        "iso": "GB",
        "flag": "https://cdn.kcak11.com/CountryFlags/countries/gb.svg",
        "mask": "##-####-####"
    },
    {
        "name": "United States",
        "dial_code":  "+1",
        "iso": "US",
        "flag": "https://cdn.kcak11.com/CountryFlags/countries/us.svg",
        "mask": "(###)###-####"
    },
    {
        "name": "Uruguay",
        "dial_code":  "+598",
        "iso": "UY",
        "flag": "https://cdn.kcak11.com/CountryFlags/countries/uy.svg",
        "mask": "#-###-##-##"
    },
    {
        "name": "Uzbekistan",
        "dial_code":  "+998",
        "iso": "UZ",
        "flag": "https://cdn.kcak11.com/CountryFlags/countries/uz.svg",
        "mask": "##-###-####"
    },
    {
        "name": "Vanuatu",
        "dial_code":  "+678",
        "iso": "VU",
        "flag": "https://cdn.kcak11.com/CountryFlags/countries/vu.svg",
        "mask": [
            "#####",
            "##-#####"
        ]
    },
    {
        "name": "Venezuela, Bolivarian Republic of Venezuela",
        "dial_code":  "+58",
        "iso": "VE",
        "flag": "https://cdn.kcak11.com/CountryFlags/countries/ve.svg",
        "mask": "(###)###-####"
    },
    {
        "name": "Vietnam",
        "dial_code":  "+84",
        "iso": "VN",
        "flag": "https://cdn.kcak11.com/CountryFlags/countries/vn.svg",
        "mask": [
            "##-####-###",
            "(###)####-###"
        ]
    },
    {
        "name": "Virgin Islands, British",
        "dial_code":  "+1",
        "iso": "VG",
        "flag": "https://cdn.kcak11.com/CountryFlags/countries/vg.svg",
        "mask": "(284)###-####"
    },
    {
        "name": "Virgin Islands, U.S.",
        "dial_code":  "+1",
        "iso": "VI",
        "flag": "https://cdn.kcak11.com/CountryFlags/countries/vi.svg",
        "mask": "(340)###-####"
    },
    {
        "name": "Wallis and Futuna",
        "dial_code":  "+681",
        "iso": "WF",
        "flag": "https://cdn.kcak11.com/CountryFlags/countries/wf.svg",
        "mask": "##-####"
    },
    {
        "name": "Yemen",
        "dial_code":  "+967",
        "iso": "YE",
        "flag": "https://cdn.kcak11.com/CountryFlags/countries/ye.svg",
        "mask": [
            "#-###-###",
            "##-###-###",
            "###-###-###"
        ]
    },
    {
        "name": "Zambia",
        "dial_code":  "+260",
        "iso": "ZM",
        "flag": "https://cdn.kcak11.com/CountryFlags/countries/zm.svg",
        "mask": "##-###-####"
    },
    {
        "name": "Zimbabwe",
        "dial_code":  "+263",
        "iso": "ZW",
        "flag": "https://cdn.kcak11.com/CountryFlags/countries/zw.svg",
        "mask": "#-######"
    }
]