[
    {
        "source": "admin",
        "name": "Default Administrator",
        "email": "support@fittr.tech",
        "password": "support"
    },
    {
        "source": "admin",
        "name": "Geoff Bamber",
        "email": "geoff@fittr.tech",
        "password": "geoff"
    },
    {
        "source": "admin",
        "name": "Phil Parker",
        "email": "phil@fittr.tech",
        "password": "phil"
    },
    {
        "source": "admin",
        "name": "Leo Studenikin",
        "email": "leo@fittr.tech",
        "password": "leo"
    },
    {
        "source": "admin",
        "name": "Mishuk Adhikari",
        "email": "mishuk.ad.bd@gmail.com",
        "password": "mishuksecret"
    },
    {
        "source": "admin",
        "name": "Amir",
        "email": "softwareengr.1@gmail.com",
        "password": "amir"
    },
    {
        "source": "admin",
        "name": "Tung",
        "email": "gslip228@gmail.com",
        "password": "tung"
    },
    {
        "source": "partner",
        "name": "Demo Partner1",
        "email": "dummy1@fittr.tech",
        "password": "dummy1",
        "stripe_account_id": "acct_1MlaLVFZgNT1PRCW"
    },
    {
        "source": "partner",
        "name": "Demo Partner2",
        "email": "dummy2@fittr.tech",
        "password": "dummy2",
        "stripe_account_id": "acct_1MlpPN2ZUYnPPk7a"
    },
    {
        "source": "partner",
        "name": "Demo Partner3",
        "email": "dummy3@fittr.tech",
        "password": "dummy3"
    },
    {
        "source": "partner",
        "name": "Demo Partner4",
        "email": "dummy4@fittr.tech",
        "password": "dummy4"
    },
    {
        "source": "partner",
        "name": "Demo Partner5",
        "email": "dummy5@fittr.tech",
        "password": "dummy5"
    },
    {
        "source": "partner",
        "name": "Demo Partner6",
        "email": "dummy6@fittr.tech",
        "password": "dummy6"
    }
]
