[
    {
        "type": "date",
        "format_string": "Y-m-d",
        "format_js": "yyyy-LL-dd",
        "example": "2024-03-25",
        "notes": "YEAR-MONTH-DAY with leading zeros"
    },
    {
        "type": "date",
        "format_string": "m-d-Y",
        "format_js": "LL-dd-yyyy",
        "example": "03-25-2024",
        "notes": "MONTH-DAY-YEAR with leading zeros"
    },
    {
        "type": "date",
        "format_string": "m/d/Y",
        "format_js": "LL/dd/yyyy",
        "example": "03/25/2024",
        "notes": "MONTH/DAY/YEAR with leading zeros"
    },
    {
        "type": "date",
        "format_string": "d-m-Y",
        "format_js": "dd-LL-yyyy",
        "example": "25-03-2024",
        "notes": "DAY-MONTH-YEAR with leading zeros"
    },
    {
        "type": "date",
        "format_string": "d/m/Y",
        "format_js": "dd/LL/yyyy",
        "example": "25/03/2024",
        "notes": "DAY/MONTH/YEAR with leading zeros"
    },
    {
        "type": "date",
        "format_string": "M j, Y",
        "format_js": "LLL d, yyyy",
        "example": "Mar 5, 2024",
        "notes": "Month (three letters) day of the month without leading zeros"
    },
    {
        "type": "time",
        "format_string": "H:i",
        "format_js": "HH:mm",
        "example": "09:15",
        "notes": "24-hour format with leading zeros"
    },
    {
        "type": "time",
        "format_string": "g:i A",
        "format_js": "h:mm a",
        "example": "2:15 PM",
        "notes": "12-hour format without leading zeros"
    },
    {
        "type": "time",
        "format_string": "h:i A",
        "format_js": "hh:mm a",
        "example": "08:15 AM",
        "notes": "12-hour format with leading zeros"
    }
]